{"cameraMode":{"drawMode":0,"name":"Shaded","section":"Shading Mode"},"sceneLighting":true,"audioPlay":false,"sceneViewState":{"showFog":true,"showMaterialUpdate":false,"showSkybox":true,"showFlares":true,"showImageEffects":true,"showParticleSystems":true},"in2DMode":false,"pivot":{"x":0.6439005136489868,"y":0.26151299476623537,"z":-2.2019848823547365},"rotation":{"x":-0.008942047134041787,"y":-0.9857698082923889,"z":0.1583847850561142,"w":-0.055650096386671069},"size":9.871716499328614,"orthographic":false}